Algorithm,InputType,Size,Time_Seconds,Time_MS,Comparisons,Sorted
Bubble_Sort,Random,100,0.000043,0.043,4922,1
Selection_Sort,Random,100,0.000039,0.039,4950,1
Insertion_Sort,Random,100,0.000040,0.040,2510,1
Qsort_std_ref,Random,100,0.000029,0.029,535,1
Bubble_Sort,Random,500,0.000724,0.724,123622,1
Selection_Sort,Random,500,0.001014,1.014,124750,1
Insertion_Sort,Random,500,0.000117,0.117,62842,1
Qsort_std_ref,Random,500,0.000089,0.089,3844,1
Bubble_Sort,Random,1000,0.001616,1.616,499290,1
Selection_Sort,Random,1000,0.002555,2.555,499500,1
Insertion_Sort,Random,1000,0.000354,0.354,251787,1
Qsort_std_ref,Random,1000,0.000243,0.243,8725,1
Bubble_Sort,Random,2500,0.011440,11.440,3122889,1
Selection_Sort,Random,2500,0.014106,14.106,3123750,1
Insertion_Sort,Random,2500,0.002692,2.692,1567423,1
Qsort_std_ref,Random,2500,0.000701,0.701,25051,1
Bubble_Sort,Random,5000,0.053261,53.261,12487770,1
Selection_Sort,Random,5000,0.066117,66.117,12497500,1
Insertion_Sort,Random,5000,0.007319,7.319,6228281,1
Qsort_std_ref,Random,5000,0.001976,1.976,55229,1
Bubble_Sort,Random,10000,0.256740,256.740,49992225,1
Selection_Sort,Random,10000,0.227367,227.367,49995000,1
Insertion_Sort,Random,10000,0.029819,29.819,25052596,1
Qsort_std_ref,Random,10000,0.003451,3.451,120424,1
Bubble_Sort,Random,25000,1.901556,1901.556,312482649,1
Selection_Sort,Random,25000,1.636682,1636.682,312487500,1
Insertion_Sort,Random,25000,0.240606,240.606,157503854,1
Qsort_std_ref,Random,25000,0.006695,6.695,334106,1
Qsort_std_ref,Random,50000,0.017469,17.469,718133,1
Qsort_std_ref,Random,100000,0.047917,47.917,1536251,1
Bubble_Sort,Sorted,100,0.000001,0.001,99,1
Selection_Sort,Sorted,100,0.000023,0.023,4950,1
Insertion_Sort,Sorted,100,0.000001,0.001,99,1
Merge_Sort,Sorted,100,0.000000,0.000,0,1
Quick_Sort,Sorted,100,0.000000,0.000,0,1
Heap_Sort,Sorted,100,0.000000,0.000,0,1
Qsort_std_ref,Sorted,100,0.000007,0.007,316,1
Bubble_Sort,Sorted,500,0.000001,0.001,499,1
Selection_Sort,Sorted,500,0.000788,0.788,124750,1
Insertion_Sort,Sorted,500,0.000004,0.004,499,1
Merge_Sort,Sorted,500,0.000000,0.000,0,1
Quick_Sort,Sorted,500,0.000000,0.000,0,1
Heap_Sort,Sorted,500,0.000000,0.000,0,1
Qsort_std_ref,Sorted,500,0.000116,0.116,2216,1
Bubble_Sort,Sorted,1000,0.000002,0.002,999,1
Selection_Sort,Sorted,1000,0.003232,3.232,499500,1
Insertion_Sort,Sorted,1000,0.000004,0.004,999,1
Merge_Sort,Sorted,1000,0.000000,0.000,0,1
Quick_Sort,Sorted,1000,0.000000,0.000,0,1
Heap_Sort,Sorted,1000,0.000000,0.000,0,1
Qsort_std_ref,Sorted,1000,0.000265,0.265,4932,1
Bubble_Sort,Sorted,2500,0.000011,0.011,2499,1
Selection_Sort,Sorted,2500,0.025156,25.156,3123750,1
Insertion_Sort,Sorted,2500,0.000014,0.014,2499,1
Merge_Sort,Sorted,2500,0.000000,0.000,0,1
Quick_Sort,Sorted,2500,0.000000,0.000,0,1
Heap_Sort,Sorted,2500,0.000000,0.000,0,1
Qsort_std_ref,Sorted,2500,0.000218,0.218,13652,1
Bubble_Sort,Sorted,5000,0.000013,0.013,4999,1
Selection_Sort,Sorted,5000,0.129594,129.594,12497500,1
Insertion_Sort,Sorted,5000,0.000030,0.030,4999,1
Merge_Sort,Sorted,5000,0.000000,0.000,0,1
Quick_Sort,Sorted,5000,0.000000,0.000,0,1
Heap_Sort,Sorted,5000,0.000000,0.000,0,1
Qsort_std_ref,Sorted,5000,0.000454,0.454,29804,1
Bubble_Sort,Sorted,10000,0.000035,0.035,9999,1
Selection_Sort,Sorted,10000,0.276812,276.812,49995000,1
Insertion_Sort,Sorted,10000,0.000031,0.031,9999,1
Merge_Sort,Sorted,10000,0.000000,0.000,0,1
Quick_Sort,Sorted,10000,0.000000,0.000,0,1
Heap_Sort,Sorted,10000,0.000000,0.000,0,1
Qsort_std_ref,Sorted,10000,0.000418,0.418,64608,1
Bubble_Sort,Sorted,25000,0.000027,0.027,24999,1
Selection_Sort,Sorted,25000,1.515809,1515.809,312487500,1
Insertion_Sort,Sorted,25000,0.000092,0.092,24999,1
Merge_Sort,Sorted,25000,0.000000,0.000,0,1
Quick_Sort,Sorted,25000,0.000000,0.000,0,1
Heap_Sort,Sorted,25000,0.000000,0.000,0,1
Qsort_std_ref,Sorted,25000,0.004308,4.308,178756,1
Merge_Sort,Sorted,50000,0.000001,0.001,0,1
Quick_Sort,Sorted,50000,0.000000,0.000,0,1
Heap_Sort,Sorted,50000,0.000000,0.000,0,1
Qsort_std_ref,Sorted,50000,0.004478,4.478,382512,1
Merge_Sort,Sorted,100000,0.000000,0.000,0,1
Quick_Sort,Sorted,100000,0.000000,0.000,0,1
Heap_Sort,Sorted,100000,0.000000,0.000,0,1
Qsort_std_ref,Sorted,100000,0.005768,5.768,815024,1
Bubble_Sort,Reverse_Sorted,100,0.000011,0.011,4950,1
Selection_Sort,Reverse_Sorted,100,0.000015,0.015,4950,1
Insertion_Sort,Reverse_Sorted,100,0.000007,0.007,4950,1
Qsort_std_ref,Reverse_Sorted,100,0.000006,0.006,356,1
Bubble_Sort,Reverse_Sorted,500,0.000273,0.273,124750,1
Selection_Sort,Reverse_Sorted,500,0.000618,0.618,124750,1
Insertion_Sort,Reverse_Sorted,500,0.000248,0.248,124750,1
Qsort_std_ref,Reverse_Sorted,500,0.000107,0.107,2272,1
Bubble_Sort,Reverse_Sorted,1000,0.001566,1.566,499500,1
Selection_Sort,Reverse_Sorted,1000,0.002791,2.791,499500,1
Insertion_Sort,Reverse_Sorted,1000,0.000602,0.602,499500,1
Qsort_std_ref,Reverse_Sorted,1000,0.000048,0.048,5044,1
Bubble_Sort,Reverse_Sorted,2500,0.007557,7.557,3123750,1
Selection_Sort,Reverse_Sorted,2500,0.016612,16.612,3123750,1
Insertion_Sort,Reverse_Sorted,2500,0.004341,4.341,3123750,1
Qsort_std_ref,Reverse_Sorted,2500,0.000390,0.390,14752,1
Bubble_Sort,Reverse_Sorted,5000,0.040982,40.982,12497500,1
Selection_Sort,Reverse_Sorted,5000,0.065766,65.766,12497500,1
Insertion_Sort,Reverse_Sorted,5000,0.034671,34.671,12497500,1
Qsort_std_ref,Reverse_Sorted,5000,0.001259,1.259,32004,1
Bubble_Sort,Reverse_Sorted,10000,0.268470,268.470,49995000,1
Selection_Sort,Reverse_Sorted,10000,0.353112,353.112,49995000,1
Insertion_Sort,Reverse_Sorted,10000,0.069270,69.270,49995000,1
Qsort_std_ref,Reverse_Sorted,10000,0.001273,1.273,69008,1
Bubble_Sort,Reverse_Sorted,25000,0.940728,940.728,312487500,1
Selection_Sort,Reverse_Sorted,25000,1.538311,1538.311,312487500,1
Insertion_Sort,Reverse_Sorted,25000,0.545449,545.449,312487500,1
Qsort_std_ref,Reverse_Sorted,25000,0.001391,1.391,188476,1
Qsort_std_ref,Reverse_Sorted,50000,0.004461,4.461,401952,1
Qsort_std_ref,Reverse_Sorted,100000,0.010032,10.032,853904,1
Bubble_Sort,Nearly_Sorted,100,0.000006,0.006,3297,1
Selection_Sort,Nearly_Sorted,100,0.000030,0.030,4950,1
Insertion_Sort,Nearly_Sorted,100,0.000001,0.001,210,1
Qsort_std_ref,Nearly_Sorted,100,0.000007,0.007,427,1
Bubble_Sort,Nearly_Sorted,500,0.000190,0.190,123424,1
Selection_Sort,Nearly_Sorted,500,0.000455,0.455,124750,1
Insertion_Sort,Nearly_Sorted,500,0.000012,0.012,7524,1
Qsort_std_ref,Nearly_Sorted,500,0.000033,0.033,3100,1
Bubble_Sort,Nearly_Sorted,1000,0.000816,0.816,495035,1
Selection_Sort,Nearly_Sorted,1000,0.002135,2.135,499500,1
Insertion_Sort,Nearly_Sorted,1000,0.000052,0.052,34039,1
Qsort_std_ref,Nearly_Sorted,1000,0.000134,0.134,7586,1
Bubble_Sort,Nearly_Sorted,2500,0.007673,7.673,3102429,1
Selection_Sort,Nearly_Sorted,2500,0.017430,17.430,3123750,1
Insertion_Sort,Nearly_Sorted,2500,0.000354,0.354,199220,1
Qsort_std_ref,Nearly_Sorted,2500,0.000196,0.196,22188,1
Bubble_Sort,Nearly_Sorted,5000,0.024262,24.262,12443872,1
Selection_Sort,Nearly_Sorted,5000,0.066273,66.273,12497500,1
Insertion_Sort,Nearly_Sorted,5000,0.001894,1.894,748331,1
Qsort_std_ref,Nearly_Sorted,5000,0.001519,1.519,48694,1
Bubble_Sort,Nearly_Sorted,10000,0.109413,109.413,49942997,1
Selection_Sort,Nearly_Sorted,10000,0.255147,255.147,49995000,1
Insertion_Sort,Nearly_Sorted,10000,0.006272,6.272,3069459,1
Qsort_std_ref,Nearly_Sorted,10000,0.001076,1.076,108288,1
Bubble_Sort,Nearly_Sorted,25000,0.776649,776.649,312311379,1
Selection_Sort,Nearly_Sorted,25000,1.625670,1625.670,312487500,1
Insertion_Sort,Nearly_Sorted,25000,0.029777,29.777,19084788,1
Qsort_std_ref,Nearly_Sorted,25000,0.002158,2.158,303623,1
Qsort_std_ref,Nearly_Sorted,50000,0.016367,16.367,656631,1
Qsort_std_ref,Nearly_Sorted,100000,0.017205,17.205,1416705,1
Bubble_Sort,Many_Duplicates,100,0.000070,0.070,4797,1
Selection_Sort,Many_Duplicates,100,0.000027,0.027,4950,1
Insertion_Sort,Many_Duplicates,100,0.000006,0.006,2385,1
Qsort_std_ref,Many_Duplicates,100,0.000019,0.019,529,1
Bubble_Sort,Many_Duplicates,500,0.000553,0.553,123372,1
Selection_Sort,Many_Duplicates,500,0.000964,0.964,124750,1
Insertion_Sort,Many_Duplicates,500,0.000136,0.136,54177,1
Qsort_std_ref,Many_Duplicates,500,0.000141,0.141,3716,1
Bubble_Sort,Many_Duplicates,1000,0.002585,2.585,494550,1
Selection_Sort,Many_Duplicates,1000,0.002795,2.795,499500,1
Insertion_Sort,Many_Duplicates,1000,0.000556,0.556,226164,1
Qsort_std_ref,Many_Duplicates,1000,0.000151,0.151,8492,1
Bubble_Sort,Many_Duplicates,2500,0.009403,9.403,3089297,1
Selection_Sort,Many_Duplicates,2500,0.014710,14.710,3123750,1
Insertion_Sort,Many_Duplicates,2500,0.001991,1.991,1362862,1
Qsort_std_ref,Many_Duplicates,2500,0.000937,0.937,24500,1
Bubble_Sort,Many_Duplicates,5000,0.056149,56.149,12362560,1
Selection_Sort,Many_Duplicates,5000,0.065655,65.655,12497500,1
Insertion_Sort,Many_Duplicates,5000,0.007037,7.037,5684178,1
Qsort_std_ref,Many_Duplicates,5000,0.000634,0.634,53588,1
Bubble_Sort,Many_Duplicates,10000,0.289380,289.380,49495500,1
Selection_Sort,Many_Duplicates,10000,0.343470,343.470,49995000,1
Insertion_Sort,Many_Duplicates,10000,0.033963,33.963,22538659,1
Qsort_std_ref,Many_Duplicates,10000,0.004306,4.306,116433,1
Bubble_Sort,Many_Duplicates,25000,2.017929,2017.929,309343722,1
Selection_Sort,Many_Duplicates,25000,1.644828,1644.828,312487500,1
Insertion_Sort,Many_Duplicates,25000,0.303988,303.988,140993223,1
Qsort_std_ref,Many_Duplicates,25000,0.003349,3.349,322343,1
Qsort_std_ref,Many_Duplicates,50000,0.006990,6.990,692653,1
Qsort_std_ref,Many_Duplicates,100000,0.014247,14.247,1479407,1
