Algorithm,InputType,Size,Time_Seconds,Time_MS,Sorted
Bubble_Sort,Sorted,100,0.000000,0.000,1
Selection_Sort,Sorted,100,0.000011,0.011,1
Insertion_Sort,Sorted,100,0.000000,0.000,1
Merge_Sort,Sorted,100,0.000007,0.007,1
Quick_Sort,Sorted,100,0.000002,0.002,1
Qsort_std,Sorted,100,0.000003,0.003,1
Bubble_Sort,Sorted,500,0.000001,0.001,1
Selection_Sort,Sorted,500,0.000340,0.340,1
Insertion_Sort,Sorted,500,0.000001,0.001,1
Merge_Sort,Sorted,500,0.000026,0.026,1
Quick_Sort,Sorted,500,0.000005,0.005,1
Qsort_std,Sorted,500,0.000012,0.012,1
Bubble_Sort,Sorted,1000,0.000002,0.002,1
Selection_Sort,Sorted,1000,0.001440,1.440,1
Insertion_Sort,Sorted,1000,0.000002,0.002,1
Merge_Sort,Sorted,1000,0.000053,0.053,1
Quick_Sort,Sorted,1000,0.000009,0.009,1
Qsort_std,Sorted,1000,0.000024,0.024,1
Bubble_Sort,Sorted,2500,0.000004,0.004,1
Selection_Sort,Sorted,2500,0.009215,9.215,1
Insertion_Sort,Sorted,2500,0.000005,0.005,1
Merge_Sort,Sorted,2500,0.000137,0.137,1
Quick_Sort,Sorted,2500,0.000028,0.028,1
Qsort_std,Sorted,2500,0.000063,0.063,1
Bubble_Sort,Sorted,5000,0.000008,0.008,1
Selection_Sort,Sorted,5000,0.036467,36.467,1
Insertion_Sort,Sorted,5000,0.000010,0.010,1
Merge_Sort,Sorted,5000,0.000273,0.273,1
Quick_Sort,Sorted,5000,0.000055,0.055,1
Qsort_std,Sorted,5000,0.000130,0.130,1
Bubble_Sort,Sorted,10000,0.000015,0.015,1
Selection_Sort,Sorted,10000,0.146624,146.624,1
Insertion_Sort,Sorted,10000,0.000023,0.023,1
Merge_Sort,Sorted,10000,0.000563,0.563,1
Quick_Sort,Sorted,10000,0.000118,0.118,1
Qsort_std,Sorted,10000,0.000271,0.271,1
Bubble_Sort,Sorted,25000,0.000038,0.038,1
Selection_Sort,Sorted,25000,0.917638,917.638,1
Insertion_Sort,Sorted,25000,0.000048,0.048,1
Merge_Sort,Sorted,25000,0.001523,1.523,1
Quick_Sort,Sorted,25000,0.000331,0.331,1
Qsort_std,Sorted,25000,0.000721,0.721,1
Merge_Sort,Sorted,50000,0.003081,3.081,1
Quick_Sort,Sorted,50000,0.000678,0.678,1
Qsort_std,Sorted,50000,0.001492,1.492,1
Merge_Sort,Sorted,100000,0.006278,6.278,1
Quick_Sort,Sorted,100000,0.001430,1.430,1
Qsort_std,Sorted,100000,0.003232,3.232,1
